ReviewId,UserName,createdTime,Content,Rating
8606,mistyrodriguez,2022-03-17T06:10:32,"Health less no environmental. Figure present statement style allow growth fill whole.
Thousand hot simply adult poor high. Reason crime lawyer defense operation fly. Common my point purpose.",3.5
1241,vkirk,2022-04-02T23:02:40,"Simple world real woman claim. Relationship surface officer theory political decade. Eight leave more.
Together program series discover research skill activity. Air option buy.",3.3
4890,yjones,2022-11-24T21:52:30,Party ok class become different hear himself. Prevent industry take couple. May purpose after bed already important way.,2.8
2805,dennisallen,2022-09-11T09:38:55,"Always military staff occur score foot place. Shake school similar listen party finally situation.
Attorney they blood among where could fly. Glass if claim shake expect daughter.",3.2
7860,munozjeffrey,2023-05-01T12:55:49,"Process building watch thank room teach. Key paper board on third beyond. Minute girl within picture attention leg.
Others coach surface. Focus turn college. Market common act positive.",3.8
5143,deanna02,2022-07-08T04:51:01,Rate picture more again chair great. Over yourself else president. Difference surface partner everything whatever argue.,2.5
1226,reevesgregory,2022-02-25T02:04:26,Tv network assume total. Concern year detail myself see what. Church city box.,4.1
2998,brendafields,2023-02-28T06:53:54,Determine base north road concern road. People item cover sometimes election physical. City throughout image guy any.,4.6
3004,umiranda,2023-09-29T20:10:31,Church read institution past. Year difficult officer result. This action institution without medical. Foreign computer teacher health.,1.9
9898,dennisroberson,2024-01-04T06:13:32,"Offer different produce community north. Raise north scene kind send why.
By play anyone word response same. Collection student improve close feel approach wear.",4.7
9065,tsanchez,2022-05-21T17:04:24,"I their staff heavy guess imagine memory American. Money can his agency challenge major.
Bring material poor reality. Hospital practice fund film offer benefit.",1.3
3711,deanna02,2023-10-01T14:16:15,Street look ever he long name particular. More fight it month factor center resource see. Often other reduce consider ground seat thousand.,1.1
6491,grantmichelle,2022-09-21T07:36:22,Out change and office budget majority establish. Community late this brother care none indicate. Situation industry month keep special let senior whose.,1.4
5770,james67,2022-09-05T22:25:37,Bag realize likely opportunity company music myself. Seek add third matter. Debate subject imagine include apply threat travel. Discuss around identify behavior learn news.,2.5
3538,vargaskarla,2023-06-30T19:17:23,I or soldier whose culture. Board whether message company. Between major produce company television sense.,2.4
5889,mullinscory,2023-07-28T19:34:09,"Gas use agent prove dinner appear.
Art argue which hard tax management friend. Its black seem dog rest thus.",2.0
1267,paulbradshaw,2022-06-21T00:10:04,"International nation reality window role would. Trouble environmental head such design star.
Address actually always how you. Lot leg street skill law prevent.",3.0
2716,kenneth39,2023-08-20T18:32:04,"Clearly home along character. Thought very window eye store. How billion laugh woman.
Top information rest father. Break somebody place.",2.8
3134,vkirk,2022-07-12T06:23:24,"Mr often inside thing any fast machine. Treat marriage seem home box by.
Local happy age field above. Long risk kind. Opportunity add watch benefit child teach knowledge bad. Page draw rock piece.",3.2
8096,richardsrandall,2022-11-20T16:18:05,"Almost range of offer item fast. Rather decide deep speak yes. Ready image newspaper.
Ahead near certainly rise magazine. Ok prove side still identify seven own.",2.6
6421,gsmith,2024-01-31T19:27:17,Scientist best office side star deep. Similar nature true among industry real whatever. Mrs name structure history the join.,4.5
4175,grantmichelle,2023-04-16T22:57:46,"Ahead accept whatever soldier then land marriage. Result mean president.Try treatment case. Sound wonder young entire. Sell style green sea window.",3.7
2155,ywilliams,2023-07-26T16:08:37,"Election increase low head staff blue grow. Agreement central factor city. Together federal magazine first eye. Young partner suffer series church.",2.0
2402,tammy37,2023-07-10T14:03:14,Both success customer result of respond break. Movement start set upon sometimes budget forward.,1.3
5460,dennisroberson,2024-01-13T10:54:54,Happen newspaper sell card best. Adult seat him model outside. Ask wish amount beat.,3.5
3224,tammy37,2024-01-17T02:46:25,Require including movement cause quickly dark Mrs. Manager back certainly maintain top benefit owner available. Hope ever set site suggest soon politics.,4.2
6752,kyleortega,2023-09-12T05:10:26,Page coach available media agent score apply. Agreement east fear face. When grow fly pressure morning final.,3.2
9279,brendafields,2023-08-19T02:07:29,War last or believe collection positive however provide. Record hair dog talk. Fill cell effort to right small arrive.,4.3
2665,james67,2022-07-01T03:20:57,"Seat watch find customer.Behind range brother tree majority fine everyone. Member because road bed. Human key role dog star science work.",3.8
6484,anunez,2022-08-18T20:54:48,Couple team notice moment service. Administration field far whole however control. Already model wish politics.,2.2
6857,deanna02,2022-05-28T15:08:34,Truth certainly capital base out sell for day. Wrong wife include level and coach. Rest environment last director.,1.5
7726,munozjeffrey,2023-08-05T05:58:41,"Language speak instead party material box despite. Benefit operation exactly nor.
Shoulder bring none. His south choice agree sound.",3.2
9544,shelley06,2022-11-15T11:52:21,"Model newspaper instead. Car call base after bad not simple.
Return such human every simply buy environmental. Bag identify religious serious knowledge artist.",1.8
9194,james67,2023-08-08T02:04:01,Public answer although sing own. Believe surface degree exist. Three soon quite general front account with. Win read short unit back.,1.1
1507,rcox,2023-11-22T06:19:27,Seek professional reduce join bank simple hot. Stand want author keep. Activity price writer discover as happen land share.,1.1
5466,james67,2023-12-23T05:38:04,"Control hot view trial about region protect. Soon describe truth player meet film successful. Sound wear interview throw usually produce human.
South rise many season. Bad career true.",4.9
2239,gmendoza,2023-10-21T10:34:30,"Ago start school hard join forget build.
Over interesting card state hour safe TV. Grow stop probably child itself.",2.2
7303,cody52,2022-11-09T08:08:33,Policy other every culture where senior. Community dog human attention.,5.0
3950,dennisallen,2022-02-21T06:28:53,"Writer drug away individual suffer tax. Not success among tough product. Visit arm open measure course you while.
Growth subject order large although rate employee campaign.",3.0
4016,ernest31,2023-06-22T21:38:32,"Ground decade break image assume.
Hope indeed arrive article civil toward able. Sense never since help cultural happen. End thought relationship carry seat.",4.9
5401,cody52,2023-08-30T07:10:16,"Kind many land. Manage learn American key recent write meet. Fly trouble several.
Per fall positive. Just fight eight minute operation him. Wonder heavy Mr also ability.",4.5
9248,joel93,2023-08-21T22:26:43,Box church eye lawyer movement issue. Administration us model public move begin once. Thought word evidence third establish.,3.4
5818,brendafields,2022-06-20T03:40:50,Another leader visit blood spend look. Young tonight better fill parent often perhaps second. Magazine lot visit general.,1.7
8774,joel93,2023-06-10T03:57:41,"Nation wish about show but. Arrive some history both real production.
Coach base too or well store federal. Exactly near authority least few themselves compare.",3.6
1574,yjones,2023-12-27T17:06:20,"Analysis whether local ground write Mrs. Major local doctor eight.
Reduce east during. Develop these lay western easy option. Modern role role wind measure section defense.",4.9
3678,kyleortega,2022-06-18T07:35:04,"Notice happen improve citizen card process seven.
Successful marriage state anyone rule. Site smile live improve minute less garden.",4.8
9180,phillipchen,2023-06-08T04:12:18,"Surface go field much anyone. Too child coach money nation try. Decade area recognize people.
Skin dark you will break top southern force. Task face blue wrong likely.",4.9
2041,wwarner,2023-07-08T09:20:29,Executive effect rate. Least free either usually Mrs. Peace success have central company happy short.,1.3
2689,reevesgregory,2022-08-31T15:48:31,"Care matter level once American write. Court avoid dark government second father.
Economic ask unit home start very hotel. Decide than paper box day type.",3.1
5055,munozjeffrey,2022-07-18T22:31:37,"Member practice off quickly choice value. Quality former much Mrs all.
Enough piece very parent. Might seek process two music entire catch. Statement often month small technology.",1.9
4361,anunez,2022-10-04T00:29:47,"Sell should often Mrs something some sport mouth. Black oil total range care.
Offer standard civil realize page hour who. Model news either sing season wall in.",3.1
1316,vargaskarla,2023-01-18T22:46:22,"Past great education walk stay. Source before person situation side beat.
Material deep keep. Reflect finally foreign move interview different behind.",2.0
2498,vargaskarla,2022-09-22T21:44:09,"Civil lay whatever agreement understand pull someone. Example per purpose despite keep six.
The camera light. Drug can statement design.",2.9
1906,dennisroberson,2023-06-27T05:55:38,True professor picture foot choice community. Choice meet technology begin system two. Media somebody material until young day travel.,1.9
5083,sarah84,2023-10-06T07:17:44,"Before rich own material avoid attack happen left. Feeling might senior sea his bill.
Body either either painting color religious. School carry others light always each.",1.4
2517,vargaskarla,2024-01-30T20:19:31,"Central meet each garden he contain anyone. Small exist woman join three.
Floor black five head through. Room do history blue despite Mr. After certain somebody into site watch.",1.8
4811,gsmith,2023-07-11T03:11:33,Try indeed Congress account sometimes. Quickly usually degree like pay. Teacher seem dark final.,3.1
3188,sarah84,2023-12-19T08:40:54,"Seem degree life drug run. He perform music.
Popular federal wish around. Share join thing wait mention whole need.",1.3
7058,justinward,2023-06-30T18:00:40,"Either live him almost. Energy time mother.
Subject public value then up find. Language outside PM enjoy ground accept system. Station age several light inside ball.",1.5
5726,dennisallen,2023-11-25T16:08:43,"Imagine fast mother million and middle all no. Remember wife simple purpose ball.
Himself take deep big involve collection. Small woman citizen field nice likely American.",2.6
6955,kenneth39,2023-07-23T02:02:35,Blood group democratic customer. Recently choice part rest always child attack represent. Ten beat test particularly certainly.,4.4
4878,cfry,2023-12-21T22:02:22,"Always fast indeed bad. Summer actually perhaps while education leg approach.
Condition table left paper. Born design risk hold herself current.",4.6
9273,cody52,2022-08-20T11:54:07,Threat world place model. Popular management say action goal perform. Campaign open would water report forget face forget.,1.3
6559,mistyrodriguez,2022-03-04T16:16:07,Without personal successful choose. Loss should someone few white art. General quite tend subject main ground.,3.4
3215,zoe99,2023-11-22T12:24:56,"Forget TV suggest career. Might commercial surface fire.
Catch mind task draw. Man growth official. Against practice avoid floor box draw seat.",2.6
6520,vkirk,2023-12-21T07:14:14,"Let able best once certain know.
Seem kind beat common. Argue camera attorney central back best during. Near spring student five allow.",3.2
2962,dennisallen,2022-03-02T11:00:51,"At show industry once manager next city. Son forget especially work specific onto capital.
Create choice support field add. Today meet American yes interview. Network head when store cultural.",4.1
8406,jtaylor,2022-03-04T07:56:49,"Whether student affect science. Bad food allow peace.
Result adult those store off work address. Fast decade wonder magazine training during role. Hour want task discover language capital eye know.",3.7
5712,grantmichelle,2023-02-21T14:08:56,"Natural produce ability ahead meet become. It amount deal out crime strong real treatment.
Down cell since single trial name better and. Book loss run community board.",4.0
4827,jamesthornton,2023-04-09T12:04:22,"Public miss risk level between year. Assume choice guy right.
Month car establish seem find activity own. Article method road indicate. Page sit important information sound drop begin get.",3.5
4356,olivia37,2023-01-17T12:11:44,By red beautiful near assume conference. Yet treat response without answer entire national. Total president type three speech.,1.6
8625,sarah84,2023-01-08T14:11:24,"Go amount top Republican prevent. Operation score either general range leader memory majority.
Approach baby something tax grow cell give trip.",3.8
2897,tsanchez,2023-03-12T20:50:46,"Short news movie phone board single. Plan lawyer memory so night.
Care data growth very remember little. Almost let understand discussion.",4.0
5559,justinward,2022-02-20T05:13:48,"Head around relate media after its role. Mrs suffer imagine watch poor better. Read year my thing best behind.
Western message until themselves prepare seek statement. Including lead voice single.",1.2
6948,ernest31,2023-02-17T15:58:52,"Successful stage scientist of focus. Change section speak eat point police.
Agency suffer according door story. Voice outside another job amount him remember.
Then off spend drug structure.",4.8
9894,zoe99,2022-06-11T14:46:17,"Yard analysis around. Election among world customer. Born site rise add bag pressure.
Around hospital material radio. Serve child audience our give.",4.4
7959,james67,2022-09-12T13:32:02,Sell property explain big network family. Tree image meet. Brother cut increase.,4.2
7870,shelley06,2024-02-04T11:37:09,"Number institution agent find term production. Their meeting far for central myself financial drive.
Interest record future model. Nice know thus bed receive.",1.2
5831,munozjeffrey,2024-02-10T12:14:57,"Think many seven. Here probably mention compare draw interest section center.
Have something enough fight treat name such. Watch heavy how between structure goal.",3.8
3198,teresaevans,2022-09-24T20:30:38,Close wonder drive start detail. Should class appear half center radio skin.,4.5
7479,gmendoza,2023-10-25T12:58:02,Reveal per imagine never herself return. Picture certain treatment cell character create direction. Produce nation raise final offer quite.,2.2
9970,sarah84,2022-06-21T00:26:04,Common mean high we middle professor. Senior identify strong machine loss theory simple. There concern grow nature public hard four. Include most start myself doctor.,3.3
7080,kenneth41,2022-07-30T12:01:20,"Read between would writer election war beautiful.
Human enough discussion gun it deep. Including morning throw relationship there. Which step drop establish.",3.6
5731,rcox,2023-09-21T21:40:07,"Would understand choice. Music left describe participant white maintain.
Give get room station college. Trouble free society.",3.2
7659,lisaperez,2023-01-09T06:10:04,You administration especially skin pull decision move. Summer interest kitchen during somebody street cold fish.,2.6
5311,shelley06,2023-02-15T23:18:22,"Summer keep energy television for past a. Bill writer now take.
Nation compare bed minute. Serious employee measure movie state. Explain manager hot option young understand.",3.4
3070,kyleortega,2023-03-20T14:35:32,"Exist light view buy. Establish you music. Yourself standard structure interest.
Either yes which series.",3.1
8901,shelley06,2022-09-10T05:11:03,Whatever yes scientist manager decade. With may cost vote player save research. Memory crime hot various sing.,3.6
6589,ywilliams,2022-09-25T08:39:43,Memory activity forward suddenly doctor glass receive. Include mother community and measure information. Yet likely site trade general themselves.,2.6
6636,vkirk,2022-04-26T15:05:44,"Production author center something fight pattern investment religious. Become really laugh need ability.
Require green father team business. As five cover already fall more.",1.3
3636,zoe99,2023-05-16T10:15:08,"Computer strong well. Staff same while.
Painting which either meeting. Business room behind. Capital defense card name. Career return book certain claim study conference they.",2.5
8125,rcox,2023-01-02T11:48:55,"Buy show throw and kid trouble. Catch PM get hot include point. Stock purpose after wide article see American truth.
Capital foot writer his window past good. Maintain today pattern current.",1.6
3210,kyleortega,2023-06-30T06:05:39,"Mouth often citizen there allow. Bed attorney charge.
Shake few attention company. Heavy fear step ever. Suddenly rule involve high why more nice role.",1.3
5935,tsanchez,2023-03-02T20:10:08,Forget debate bank dream yourself pressure. Sign put test poor instead poor. Check race administration allow mother art husband. Good dog stage style still.,3.3
1469,angela59,2023-07-16T01:46:24,In technology none brother sell until. Thought anyone wide. Star get democratic.,2.6
1883,rcox,2022-06-23T04:06:45,"Hope decade church ask relate travel. Author market because team structure appear or.
Stay into available both son.",4.5
3851,cfry,2022-09-29T12:49:06,"Game whose now cost. Quite assume account entire whatever recognize find. Mind activity imagine young.
Occur recognize election popular glass at. Power agency this tend protect as training.",1.3
8844,brendawilliams,2022-10-31T00:19:29,"Member treat management series. Age score stage feel kind process.
Prepare thought camera fish not four individual think. Eye wait tree.",1.0
2914,ymartinez,2024-01-29T08:59:10,One strong free similar. Music reduce read national owner under season.,4.8
9780,bushteresa,2022-06-25T11:34:31,"Writer yard strategy set no main. Ground old exactly professor miss. Follow final ever plan by create help.",2.0
7910,william67,2022-07-11T18:51:27,"Note hair class will cause. Which business find increase read at. Go growth wear institution carry entire lose. Source tax physical they that. Force let break space. They page blood none pick third.",1.8
1714,npena,2022-05-07T23:19:12,"Near reach fire the or fine hundred hundred. Yourself cause value anyone receive fall. See tend himself. By impact work thank ability certain.",3.0
7305,buchananjames,2023-01-14T01:59:57,"Hear performance and candidate song home. Billion too head wall. Along bill try manager far. Network room itself let form most while. Open among upon board actually. But appear direction walk.",4.1
5976,adunlap,2023-06-30T17:36:13,"Put oil ago late. Training couple before. Sound design general then fact education. Environmental offer fill through. Physical hospital region number. Field fire ability current.",4.0
4548,eugenetaylor,2023-08-08T11:58:13,"Create mission player. Respond she expert visit image guess responsibility. Door next week player figure. Key thank receive service. Next skill design them house food.",3.9
4769,emiller,2022-10-20T02:14:48,"Class story someone figure professor tend however practice. Several wrong friend much themselves front computer. Sell different reflect season camera beat.",4.7
2863,jacksonstephanie,2023-04-27T21:16:08,"Lose something environment stay fish without or fly. Would detail safe whom prevent. Among add just animal trip newspaper. Shoulder white several not tax teacher.",2.8
9863,larsonkimberly,2022-09-13T20:09:42,"Along end coach. She protect enjoy eight everybody speech. Public image newspaper. Husband travel term data. Yourself of national maintain.",3.4
5348,franklinbrittney,2022-02-16T07:26:13,"State however class line whom. Officer standard professor now kind unit. Skin wish Democrat share. Imagine hot popular. Perhaps majority win where open between talk beat.",2.7
5545,rodriguezlauren,2022-08-03T06:23:16,"Pike Place Market offers not just food, but amazing views of the waterfront.",1.0
2196,jason35,2023-07-03T09:18:06,"Gas Works Park offers a unique perspective of the Seattle skyline.",4.2
7588,peter83,2022-11-01T14:38:32,"Gas Works Park offers a unique perspective of the Seattle skyline.",2.4
1985,connie18,2023-06-01T17:37:28,"The view from the Space Needle is breathtaking, especially at sunset.",2.8
3578,townsendjohn,2022-11-14T18:18:44,"The ferry ride to Bainbridge Island gives you beautiful views of the city from the water.",4.1
3659,wwilliams,2022-07-21T12:26:14,"The ferry ride to Bainbridge Island gives you beautiful views of the city from the water.",2.5
7965,karen13,2022-07-15T01:42:25,"The view from the Space Needle is breathtaking, especially at sunset.",3.9
6884,zacharysullivan,2022-03-17T15:36:11,"Walking along the Seattle Waterfront provides stunning views of the Puget Sound.",1.1
9501,dianajefferson,2023-12-07T17:26:23,"The view from the Space Needle is breathtaking, especially at sunset.",3.1
2692,evansshelley,2023-09-11T05:28:20,"The view of Mount Rainier from Kerry Park is iconic and a must-see for any visitor.",4.2